dt_captura,no_emissor,link
2026-09-02,AEGEA Saneamento e Participacoes S.A.,https://brazil.ratings.spglobal.com/ratings/pt/regulatory/org-details/sectorCode/UTIL/entityId/1001151
2026-09-02,AXIA Energia S.A.,https://brazil.ratings.spglobal.com/ratings/pt/regulatory/org-details/sectorCode/UTIL/entityId/1000689
2026-09-02,AXIA Energia Sul S.A.,https://brazil.ratings.spglobal.com/ratings/pt/regulatory/org-details/sectorCode/UTIL/entityId/1001389
2026-09-02,AZZAS 2154 S.A.,https://brazil.ratings.spglobal.com/ratings/pt/regulatory/org-details/sectorCode/CORP/entityId/1000569
2026-09-02,Aco Verde do Brasil S.A.,https://brazil.ratings.spglobal.com/ratings/pt/regulatory/org-details/sectorCode/CORP/entityId/1000952
2026-09-02,Acucareira Quata S.A.,https://brazil.ratings.spglobal.com/ratings/pt/regulatory/org-details/sectorCode/CORP/entityId/1001358
2026-09-02,Adami S.A. Madeiras,https://brazil.ratings.spglobal.com/ratings/pt/regulatory/org-details/sectorCode/CORP/entityId/1001058
2026-09-02,Adyen do Brasil Instituicao de Pagamento Ltda,https://brazil.ratings.spglobal.com/ratings/pt/regulatory/org-details/sectorCode/FI/entityId/1000337
2026-09-02,Agro Industrias do Vale do Sao Francisco S.A.,https://brazil.ratings.spglobal.com/ratings/pt/regulatory/org-details/sectorCode/CORP/entityId/1000749
2026-09-02,Agroterenas S.A. Administracao e Participacoes,https://brazil.ratings.spglobal.com/ratings/pt/regulatory/org-details/sectorCode/CORP/entityId/1000230
2026-09-02,Aguas Guariroba S.A.,https://brazil.ratings.spglobal.com/ratings/pt/regulatory/org-details/sectorCode/UTIL/entityId/1001438
2026-09-02,Aguas do Para A SPE S.A.,https://brazil.ratings.spglobal.com/ratings/pt/regulatory/org-details/sectorCode/UTIL/entityId/1000974
2026-09-02,Aguas do Para B SPE S.A.,https://brazil.ratings.spglobal.com/ratings/pt/regulatory/org-details/sectorCode/UTIL/entityId/1000356
2026-09-02,Aguas do Para D SPE S.A.,https://brazil.ratings.spglobal.com/ratings/pt/regulatory/org-details/sectorCode/UTIL/entityId/1000575
2026-09-02,Aguas do Rio 1 SPE S.A.,https://brazil.ratings.spglobal.com/ratings/pt/regulatory/org-details/sectorCode/UTIL/entityId/1000314
2026-09-02,Aguas do Rio 4 SPE S.A.,https://brazil.ratings.spglobal.com/ratings/pt/regulatory/org-details/sectorCode/UTIL/entityId/1000804
2026-09-02,Akad Seguros S.A.,https://brazil.ratings.spglobal.com/ratings/pt/regulatory/org-details/sectorCode/INS/entityId/1000192
2026-09-02,Alagoas (State of),https://brazil.ratings.spglobal.com/ratings/pt/regulatory/org-details/sectorCode/GOVS/entityId/1001322
2026-09-02,Algar Telecom S/A,https://brazil.ratings.spglobal.com/ratings/pt/regulatory/org-details/sectorCode/CORP/entityId/1000706
2026-09-02,Amazonia Legal IOX Fundo de Investimento em Direitos Creditorios,https://brazil.ratings.spglobal.com/ratings/pt/regulatory/org-details/sectorCode/STRUC - ABS/entityId/1008714
2026-09-02,Ambev S.A.,https://brazil.ratings.spglobal.com/ratings/pt/regulatory/org-details/sectorCode/CORP/entityId/1000591
2026-09-02,Ambiental Ceara 1 SPE S.A.,https://brazil.ratings.spglobal.com/ratings/pt/regulatory/org-details/sectorCode/UTIL/entityId/1008221
2026-09-02,Ambiental Ceara 2 SPE S.A.,https://brazil.ratings.spglobal.com/ratings/pt/regulatory/org-details/sectorCode/UTIL/entityId/1008222
2026-09-02,Angelina Colombo Participacoes S.A.,https://brazil.ratings.spglobal.com/ratings/pt/regulatory/org-details/sectorCode/CORP/entityId/1000950
2026-09-02,Arteris S.A.,https://brazil.ratings.spglobal.com/ratings/pt/regulatory/org-details/sectorCode/CORP/entityId/1000061
2026-09-02,Artico Middle Corporate Fundo de Investimento em Direitos Creditorios,https://brazil.ratings.spglobal.com/ratings/pt/regulatory/org-details/sectorCode/STRUC - ABS/entityId/1008529
2026-09-02,Asa Longo Prazo Fundo de Investimento em Cotas de Fundo De investimento em Direitos Creditórios Responsabilidade Limitada,https://brazil.ratings.spglobal.com/ratings/pt/regulatory/org-details/sectorCode/STRUC - ABS/entityId/1008491
2026-09-02,Asa Longo Prazo II Fundo De Investimento Em Cotas De Fundo De Investimento Em Direitos Creditorios Responsabilidade Limitada,https://brazil.ratings.spglobal.com/ratings/pt/regulatory/org-details/sectorCode/STRUC - ABS/entityId/1008589
2026-09-02,Atacadao S.A.,https://brazil.ratings.spglobal.com/ratings/pt/regulatory/org-details/sectorCode/CORP/entityId/1001009
2026-09-02,Aura Almas Mineracao S.A.,https://brazil.ratings.spglobal.com/ratings/pt/regulatory/org-details/sectorCode/CORP/entityId/1000100
2026-09-02,Aura Minerals Inc.,https://brazil.ratings.spglobal.com/ratings/pt/regulatory/org-details/sectorCode/CORP/entityId/1000481
2026-09-02,Austral Resseguradora S.A.,https://brazil.ratings.spglobal.com/ratings/pt/regulatory/org-details/sectorCode/INS/entityId/1000584
2026-09-02,Austral Seguradora S.A.,https://brazil.ratings.spglobal.com/ratings/pt/regulatory/org-details/sectorCode/INS/entityId/1000774
2026-09-02,Autoban - Concessionaria do Sistema Anhanguera Bandeirantes S.A.,https://brazil.ratings.spglobal.com/ratings/pt/regulatory/org-details/sectorCode/CORP/entityId/1001224
2026-09-02,Autopista Fernao Dias S.A.,https://brazil.ratings.spglobal.com/ratings/pt/regulatory/org-details/sectorCode/CORP/entityId/1000910
2026-09-02,Autopista Fluminense S.A.,https://brazil.ratings.spglobal.com/ratings/pt/regulatory/org-details/sectorCode/UTIL/entityId/1008321
2026-09-02,Autopista Litoral Sul S.A.,https://brazil.ratings.spglobal.com/ratings/pt/regulatory/org-details/sectorCode/CORP/entityId/1000717
2026-09-02,Autopista Planalto Sul S.A.,https://brazil.ratings.spglobal.com/ratings/pt/regulatory/org-details/sectorCode/CORP/entityId/1000679
2026-09-02,Autopista Regis Bittencourt S.A.,https://brazil.ratings.spglobal.com/ratings/pt/regulatory/org-details/sectorCode/CORP/entityId/1000336
2026-09-02,Azul S.A.,https://brazil.ratings.spglobal.com/ratings/pt/regulatory/org-details/sectorCode/CORP/entityId/1000776
2026-09-02,Banco ABC Brasil S.A.,https://brazil.ratings.spglobal.com/ratings/pt/regulatory/org-details/sectorCode/FI/entityId/1000773
2026-09-02,Banco Agibank S.A.,https://brazil.ratings.spglobal.com/ratings/pt/regulatory/org-details/sectorCode/FI/entityId/1000349
2026-09-02,Banco BMG S.A.,https://brazil.ratings.spglobal.com/ratings/pt/regulatory/org-details/sectorCode/FI/entityId/1001148
2026-09-02,Banco BTG Pactual S.A.,https://brazil.ratings.spglobal.com/ratings/pt/regulatory/org-details/sectorCode/FI/entityId/1000583
2026-09-02,Banco Bradesco S.A.,https://brazil.ratings.spglobal.com/ratings/pt/regulatory/org-details/sectorCode/FI/entityId/1001005
2026-09-02,Banco C6 Consignado S.A.,https://brazil.ratings.spglobal.com/ratings/pt/regulatory/org-details/sectorCode/FI/entityId/1005882
2026-09-02,Banco C6 S.A.,https://brazil.ratings.spglobal.com/ratings/pt/regulatory/org-details/sectorCode/FI/entityId/1000096
2026-09-02,Banco CSF S.A.,https://brazil.ratings.spglobal.com/ratings/pt/regulatory/org-details/sectorCode/FI/entityId/1001246
2026-09-02,Banco Cooperativo Sicredi S.A.,https://brazil.ratings.spglobal.com/ratings/pt/regulatory/org-details/sectorCode/FI/entityId/1000911
2026-09-02,Banco Daycoval S.A.,https://brazil.ratings.spglobal.com/ratings/pt/regulatory/org-details/sectorCode/FI/entityId/1000161
2026-09-02,Banco Fibra S.A.,https://brazil.ratings.spglobal.com/ratings/pt/regulatory/org-details/sectorCode/FI/entityId/1000691
2026-09-02,Banco HSBC S.A.,https://brazil.ratings.spglobal.com/ratings/pt/regulatory/org-details/sectorCode/FI/entityId/1000434
2026-09-02,Banco Inter S.A.,https://brazil.ratings.spglobal.com/ratings/pt/regulatory/org-details/sectorCode/FI/entityId/1000025
2026-09-02,Banco J.P. Morgan S.A.,https://brazil.ratings.spglobal.com/ratings/pt/regulatory/org-details/sectorCode/FI/entityId/1000566
2026-09-02,Banco MUFG Brasil S.A.,https://brazil.ratings.spglobal.com/ratings/pt/regulatory/org-details/sectorCode/FI/entityId/1001119
2026-09-02,Banco Mercantil,https://brazil.ratings.spglobal.com/ratings/pt/regulatory/org-details/sectorCode/FI/entityId/1001476
2026-09-02,Banco Morgan Stanley S.A.,https://brazil.ratings.spglobal.com/ratings/pt/regulatory/org-details/sectorCode/FI/entityId/1000360
2026-09-02,Banco Nacional de Desenvolvimento Economico e Social,https://brazil.ratings.spglobal.com/ratings/pt/regulatory/org-details/sectorCode/FI/entityId/1000358
2026-09-02,Banco Original S.A.,https://brazil.ratings.spglobal.com/ratings/pt/regulatory/org-details/sectorCode/FI/entityId/1001381
2026-09-02,Banco PACCAR S. A.,https://brazil.ratings.spglobal.com/ratings/pt/regulatory/org-details/sectorCode/FI/entityId/1000954
2026-09-02,Banco Paulista S.A.,https://brazil.ratings.spglobal.com/ratings/pt/regulatory/org-details/sectorCode/FI/entityId/1001502
2026-09-02,Banco Pine S.A.,https://brazil.ratings.spglobal.com/ratings/pt/regulatory/org-details/sectorCode/FI/entityId/1000690
2026-09-02,Banco Rabobank International Brasil S.A.,https://brazil.ratings.spglobal.com/ratings/pt/regulatory/org-details/sectorCode/FI/entityId/1000119
2026-09-02,Banco Randon S.A.,https://brazil.ratings.spglobal.com/ratings/pt/regulatory/org-details/sectorCode/FI/entityId/1001245
2026-09-02,Banco Safra S.A.,https://brazil.ratings.spglobal.com/ratings/pt/regulatory/org-details/sectorCode/FI/entityId/1000401
2026-09-02,Banco Santander (Brasil) S.A.,https://brazil.ratings.spglobal.com/ratings/pt/regulatory/org-details/sectorCode/FI/entityId/1000299
2026-09-02,Banco Sofisa S.A.,https://brazil.ratings.spglobal.com/ratings/pt/regulatory/org-details/sectorCode/FI/entityId/1001462
2026-09-02,Banco Sumitomo Mitsui Brasileiro S.A.,https://brazil.ratings.spglobal.com/ratings/pt/regulatory/org-details/sectorCode/FI/entityId/1000778
2026-09-02,Banco Toyota do Brasil S.A.,https://brazil.ratings.spglobal.com/ratings/pt/regulatory/org-details/sectorCode/FI/entityId/1000627
2026-09-02,Banco Volkswagen S.A.,https://brazil.ratings.spglobal.com/ratings/pt/regulatory/org-details/sectorCode/FI/entityId/1001286
2026-09-02,Banco Votorantim S.A.,https://brazil.ratings.spglobal.com/ratings/pt/regulatory/org-details/sectorCode/FI/entityId/1000291
2026-09-02,Banco XP S.A.,https://brazil.ratings.spglobal.com/ratings/pt/regulatory/org-details/sectorCode/FI/entityId/1000269
2026-09-02,Banco de Desenvolvimento de Minas Gerais S.A. - BDMG,https://brazil.ratings.spglobal.com/ratings/pt/regulatory/org-details/sectorCode/FI/entityId/1000906
2026-09-02,Banco do Estado do Para S.A.,https://brazil.ratings.spglobal.com/ratings/pt/regulatory/org-details/sectorCode/FI/entityId/1000873
2026-09-02,Banco do Estado do Rio Grande do Sul S.A.,https://brazil.ratings.spglobal.com/ratings/pt/regulatory/org-details/sectorCode/FI/entityId/1000056
2026-09-02,Banco do Nordeste do Brasil S.A.,https://brazil.ratings.spglobal.com/ratings/pt/regulatory/org-details/sectorCode/FI/entityId/1001475
2026-09-02,BancoSeguro S.A.,https://brazil.ratings.spglobal.com/ratings/pt/regulatory/org-details/sectorCode/FI/entityId/1000721
2026-09-02,Bank of China (Brasil) Banco Multiplo S.A.,https://brazil.ratings.spglobal.com/ratings/pt/regulatory/org-details/sectorCode/FI/entityId/1001282
2026-09-02,Bari Securitizadora S.A.,https://brazil.ratings.spglobal.com/ratings/pt/regulatory/org-details/sectorCode/STRUC - CMBS/entityId/1008450
2026-09-02,Barueri Energia Renovavel S.A.,https://brazil.ratings.spglobal.com/ratings/pt/regulatory/org-details/sectorCode/CORP/entityId/1000784
2026-09-02,Cachoeira Paulista Transmissora de Energia S.A.,https://brazil.ratings.spglobal.com/ratings/pt/regulatory/org-details/sectorCode/UTIL/entityId/1000565
2026-09-02,Caixa Economica Federal,https://brazil.ratings.spglobal.com/ratings/pt/regulatory/org-details/sectorCode/FI/entityId/1001117
2026-09-02,Calango 6 Energia Renovavel S.A.,https://brazil.ratings.spglobal.com/ratings/pt/regulatory/org-details/sectorCode/UTIL/entityId/1000351
2026-09-02,Caldeirao Grande Energias Renovaveis S.A.,https://brazil.ratings.spglobal.com/ratings/pt/regulatory/org-details/sectorCode/CORP/entityId/1000116
2026-09-02,"Caruana S.A. - Sociedade de Credito, Financiamento e Investimento",https://brazil.ratings.spglobal.com/ratings/pt/regulatory/org-details/sectorCode/FI/entityId/1000205
2026-09-02,Habitasec Securitizadora S.A.,https://brazil.ratings.spglobal.com/ratings/pt/regulatory/org-details/sectorCode/STRUC - CMBS/entityId/1000933
2026-09-02,Haitong Banco de Investimento do Brasil S.A.,https://brazil.ratings.spglobal.com/ratings/pt/regulatory/org-details/sectorCode/FI/entityId/1000112
2026-09-02,Jalles Machado S.A.,https://brazil.ratings.spglobal.com/ratings/pt/regulatory/org-details/sectorCode/CORP/entityId/1001355
2026-09-02,Kallas Incorporacoes e Construcoes S.A.,https://brazil.ratings.spglobal.com/ratings/pt/regulatory/org-details/sectorCode/CORP/entityId/1000916
2026-09-02,Lagoa 1 Energia Renovável S.A.,https://brazil.ratings.spglobal.com/ratings/pt/regulatory/org-details/sectorCode/UTIL/entityId/1000444
2026-09-02,Laticinios Bela Vista S.A.,https://brazil.ratings.spglobal.com/ratings/pt/regulatory/org-details/sectorCode/CORP/entityId/1001019
2026-09-02,Madero Industria E Comercio S.A.,https://brazil.ratings.spglobal.com/ratings/pt/regulatory/org-details/sectorCode/CORP/entityId/1001021
2026-09-02,Magazine Luiza S.A.,https://brazil.ratings.spglobal.com/ratings/pt/regulatory/org-details/sectorCode/CORP/entityId/1000472
2026-09-02,Manaus Ambiental S.A.,https://brazil.ratings.spglobal.com/ratings/pt/regulatory/org-details/sectorCode/UTIL/entityId/1001534
2026-09-02,Manaus Transmissora de Energia S.A.,https://brazil.ratings.spglobal.com/ratings/pt/regulatory/org-details/sectorCode/CORP/entityId/1001230
2026-09-02,Marfrig Global Foods S.A.,https://brazil.ratings.spglobal.com/ratings/pt/regulatory/org-details/sectorCode/CORP/entityId/1000446
2026-09-02,Martins Comercio e Servico de Distribuicao S.A.,https://brazil.ratings.spglobal.com/ratings/pt/regulatory/org-details/sectorCode/CORP/entityId/1000522
2026-09-02,Nardini Agroindustrial Ltda.,https://brazil.ratings.spglobal.com/ratings/pt/regulatory/org-details/sectorCode/CORP/entityId/1000871
2026-09-02,Natura Cosmeticos S.A.,https://brazil.ratings.spglobal.com/ratings/pt/regulatory/org-details/sectorCode/CORP/entityId/1000800
2026-09-02,Padova Participacoes S.A.,https://brazil.ratings.spglobal.com/ratings/pt/regulatory/org-details/sectorCode/UTIL/entityId/1008470
2026-09-02,Pampa Transmissao de Energia S.A.,https://brazil.ratings.spglobal.com/ratings/pt/regulatory/org-details/sectorCode/UTIL/entityId/1000002
2026-09-02,Paraiba (State of),https://brazil.ratings.spglobal.com/ratings/pt/regulatory/org-details/sectorCode/GOVS/entityId/1000031
2026-09-02,Parana Banco S.A,https://brazil.ratings.spglobal.com/ratings/pt/regulatory/org-details/sectorCode/FI/entityId/1000294
2026-09-02,Paranagua Saneamento S.A.,https://brazil.ratings.spglobal.com/ratings/pt/regulatory/org-details/sectorCode/UTIL/entityId/1001229
2026-09-02,Parsan S.A.,https://brazil.ratings.spglobal.com/ratings/pt/regulatory/org-details/sectorCode/UTIL/entityId/1000814
2026-09-02,Raizen S.A.,https://brazil.ratings.spglobal.com/ratings/pt/regulatory/org-details/sectorCode/CORP/entityId/1001149
2026-09-02,Randoncorp S.A.,https://brazil.ratings.spglobal.com/ratings/pt/regulatory/org-details/sectorCode/CORP/entityId/1000180
2026-09-02,Santa Catarina (State of),https://brazil.ratings.spglobal.com/ratings/pt/regulatory/org-details/sectorCode/GOVS/entityId/1000801
2026-09-02,Santos Brasil Participacoes S.A.,https://brazil.ratings.spglobal.com/ratings/pt/regulatory/org-details/sectorCode/CORP/entityId/1000809
2026-09-02,Sao Martinho S.A.,https://brazil.ratings.spglobal.com/ratings/pt/regulatory/org-details/sectorCode/CORP/entityId/1000537
2026-09-02,Vale S.A.,https://brazil.ratings.spglobal.com/ratings/pt/regulatory/org-details/sectorCode/CORP/entityId/1000610
2026-09-02,Vale do Tijuco Acucar e Alcool S.A.,https://brazil.ratings.spglobal.com/ratings/pt/regulatory/org-details/sectorCode/CORP/entityId/1001436
2026-09-02,"Vamos Locacao de Caminhoes, Maquinas e Equipamentos S.A.",https://brazil.ratings.spglobal.com/ratings/pt/regulatory/org-details/sectorCode/CORP/entityId/1000315
2026-09-02,BRAM - Bradesco Asset Management S.A. Distribuidora de Titulos e Valores Mobiliarios,https://brazil.ratings.spglobal.com/ratings/pt/regulatory/org-details/sectorCode/FI/entityId/1001401
2026-09-02,Brasil Tecnologia E Participacoes S.A.,https://brazil.ratings.spglobal.com/ratings/pt/regulatory/org-details/sectorCode/CORP/entityId/1000098
2026-09-02,Brasil Terrenos Holding S.A.,https://brazil.ratings.spglobal.com/ratings/pt/regulatory/org-details/sectorCode/CORP/entityId/1000034
2026-09-02,Braskem S.A.,https://brazil.ratings.spglobal.com/ratings/pt/regulatory/org-details/sectorCode/CORP/entityId/1001225
2026-09-02,Brava Energia S.A.,https://brazil.ratings.spglobal.com/ratings/pt/regulatory/org-details/sectorCode/CORP/entityId/1000914
2026-09-02,C.Vale Cooperativa Agroindustrial,https://brazil.ratings.spglobal.com/ratings/pt/regulatory/org-details/sectorCode/CORP/entityId/1005821
2026-09-02,Chapada do Piaui I Holding S.A.,https://brazil.ratings.spglobal.com/ratings/pt/regulatory/org-details/sectorCode/UTIL/entityId/1000874
2026-09-02,GJA Industrias S.A.,https://brazil.ratings.spglobal.com/ratings/pt/regulatory/org-details/sectorCode/CORP/entityId/1000270
2026-09-02,Irani Papel e Embalagem S.A.,https://brazil.ratings.spglobal.com/ratings/pt/regulatory/org-details/sectorCode/CORP/entityId/1000476
2026-09-02,Itapebi Geracao de Energia S.A.,https://brazil.ratings.spglobal.com/ratings/pt/regulatory/org-details/sectorCode/UTIL/entityId/1001495
2026-09-02,Itapoa Terminais Portuarios S.A.,https://brazil.ratings.spglobal.com/ratings/pt/regulatory/org-details/sectorCode/UTIL/entityId/1000835
2026-09-02,Itau Asset Management,https://brazil.ratings.spglobal.com/ratings/pt/regulatory/org-details/sectorCode/FI/entityId/1004289
2026-09-02,Itausa S.A.,https://brazil.ratings.spglobal.com/ratings/pt/regulatory/org-details/sectorCode/FI/entityId/1000382
2026-09-02,Klabin S.A.,https://brazil.ratings.spglobal.com/ratings/pt/regulatory/org-details/sectorCode/CORP/entityId/1000312
2026-09-02,Planagri S.A.,https://brazil.ratings.spglobal.com/ratings/pt/regulatory/org-details/sectorCode/CORP/entityId/1000075
2026-09-02,Plano & Plano Desenvolvimento Imobiliario S.A.,https://brazil.ratings.spglobal.com/ratings/pt/regulatory/org-details/sectorCode/CORP/entityId/1001015
2026-09-02,Pravaler Credito Universitario Fundo de Investimento em Direitos Creditorios - Responsabilidade Limitada,https://brazil.ratings.spglobal.com/ratings/pt/regulatory/org-details/sectorCode/STRUC - ABS/entityId/1000956
2026-09-02,Pravaler Credito Universitario II Fundo de Investimento em Direitos Creditorios - Responsabilidade Limitada,https://brazil.ratings.spglobal.com/ratings/pt/regulatory/org-details/sectorCode/STRUC - ABS/entityId/1001549
2026-09-02,Pravaler Credito Universitario IV Fundo de Investimento em Direitos Creditorios - Responsabilidade Limitada,https://brazil.ratings.spglobal.com/ratings/pt/regulatory/org-details/sectorCode/STRUC - ABS/entityId/1001075
2026-09-02,Qualicorp Consultoria e Corretora de Seguros S.A.,https://brazil.ratings.spglobal.com/ratings/pt/regulatory/org-details/sectorCode/CORP/entityId/1000822
2026-09-02,Stark Bank S.A. - Instituição de Pagamento,https://brazil.ratings.spglobal.com/ratings/pt/regulatory/org-details/sectorCode/FI/entityId/1005822
2026-09-02,Travessia Securitizadora de Creditos Financeiros S.A.,https://brazil.ratings.spglobal.com/ratings/pt/regulatory/org-details/sectorCode/STRUC - ABS/entityId/1001266
2026-09-02,V.Tal Rede Neutra e Telecomunicacoes S.A.,https://brazil.ratings.spglobal.com/ratings/pt/regulatory/org-details/sectorCode/CORP/entityId/1000455
2026-09-02,Via Appia Concessoes S.A.,https://brazil.ratings.spglobal.com/ratings/pt/regulatory/org-details/sectorCode/UTIL/entityId/1000477
2026-09-02,Via Paulista S.A.,https://brazil.ratings.spglobal.com/ratings/pt/regulatory/org-details/sectorCode/CORP/entityId/1001390
2026-09-02,Cocal Comercio Industria Canaa Acucar e Alcool S.A.,https://brazil.ratings.spglobal.com/ratings/pt/regulatory/org-details/sectorCode/CORP/entityId/1000716
2026-09-02,Copacol - Cooperativa Agroindustrial Consolata,https://brazil.ratings.spglobal.com/ratings/pt/regulatory/org-details/sectorCode/CORP/entityId/1008381
2026-09-02,ECOAGRO II FIAGRO Responsabilidade Ltda.,https://brazil.ratings.spglobal.com/ratings/pt/regulatory/org-details/sectorCode/STRUC - CDO/entityId/1005801
2026-09-02,Equatorial Alagoas Distribuidora de Energia S.A.,https://brazil.ratings.spglobal.com/ratings/pt/regulatory/org-details/sectorCode/UTIL/entityId/1001357
2026-09-02,Equatorial Goias Distribuidora de Energia S.A.,https://brazil.ratings.spglobal.com/ratings/pt/regulatory/org-details/sectorCode/UTIL/entityId/1001017
2026-09-02,Equatorial Maranhao Distribuidora de Energia S.A.,https://brazil.ratings.spglobal.com/ratings/pt/regulatory/org-details/sectorCode/UTIL/entityId/1000709
2026-09-02,Equatorial Para Distribuidora de Energia S.A.,https://brazil.ratings.spglobal.com/ratings/pt/regulatory/org-details/sectorCode/UTIL/entityId/1000606
2026-09-02,Equatorial Piaui Distribuidora de Energia S.A.,https://brazil.ratings.spglobal.com/ratings/pt/regulatory/org-details/sectorCode/UTIL/entityId/1000781
2026-09-02,Equatorial S.A.,https://brazil.ratings.spglobal.com/ratings/pt/regulatory/org-details/sectorCode/UTIL/entityId/1000514
2026-09-02,Equatorial Transmissora 1 SPE S.A.,https://brazil.ratings.spglobal.com/ratings/pt/regulatory/org-details/sectorCode/UTIL/entityId/1000212
2026-09-02,Equatorial Transmissora 2 SPE S.A.,https://brazil.ratings.spglobal.com/ratings/pt/regulatory/org-details/sectorCode/UTIL/entityId/1000984
2026-09-02,Equatorial Transmissora 3 SPE S.A.,https://brazil.ratings.spglobal.com/ratings/pt/regulatory/org-details/sectorCode/UTIL/entityId/1001154
2026-09-02,Equatorial Transmissora 5 SPE S.A.,https://brazil.ratings.spglobal.com/ratings/pt/regulatory/org-details/sectorCode/UTIL/entityId/1000076
2026-09-02,Equatorial Transmissora 8 SPE S.A.,https://brazil.ratings.spglobal.com/ratings/pt/regulatory/org-details/sectorCode/UTIL/entityId/1001020
2026-09-02,Geradora Eolica Bons Ventos da Serra I S.A.,https://brazil.ratings.spglobal.com/ratings/pt/regulatory/org-details/sectorCode/UTIL/entityId/1000347
2026-09-02,Giga Mais Fibra Telecomunicacoes S.A.,https://brazil.ratings.spglobal.com/ratings/pt/regulatory/org-details/sectorCode/CORP/entityId/1000208
2026-09-02,Igua Rio de Janeiro S.A.,https://brazil.ratings.spglobal.com/ratings/pt/regulatory/org-details/sectorCode/CORP/entityId/1001326
2026-09-02,Igua Saneamento S.A.,https://brazil.ratings.spglobal.com/ratings/pt/regulatory/org-details/sectorCode/UTIL/entityId/1001010
2026-09-02,Igua Sergipe S.A.,https://brazil.ratings.spglobal.com/ratings/pt/regulatory/org-details/sectorCode/UTIL/entityId/1008323
2026-09-02,Localiza Rent a Car S.A.,https://brazil.ratings.spglobal.com/ratings/pt/regulatory/org-details/sectorCode/CORP/entityId/1001190
2026-09-02,Lojas Renner S.A.,https://brazil.ratings.spglobal.com/ratings/pt/regulatory/org-details/sectorCode/CORP/entityId/1001461
2026-09-02,Minas Gerais (State of),https://brazil.ratings.spglobal.com/ratings/pt/regulatory/org-details/sectorCode/GOVS/entityId/1000540
2026-09-02,Opea Securitizadora S.A.,https://brazil.ratings.spglobal.com/ratings/pt/regulatory/org-details/sectorCode/STRUC - CMBS/entityId/1000885
2026-09-02,Riza Securitizadora S.A.,https://brazil.ratings.spglobal.com/ratings/pt/regulatory/org-details/sectorCode/STRUC - ABS/entityId/1000039
2026-09-02,Suzano S.A.,https://brazil.ratings.spglobal.com/ratings/pt/regulatory/org-details/sectorCode/CORP/entityId/1000164
2026-09-02,Vital Engenharia Ambiental S.A.,https://brazil.ratings.spglobal.com/ratings/pt/regulatory/org-details/sectorCode/UTIL/entityId/1009145
2026-09-02,BR Partners Banco de Investimento S.A.,https://brazil.ratings.spglobal.com/ratings/pt/regulatory/org-details/sectorCode/FI/entityId/1000296
2026-09-02,BRK Ambiental Participacoes S.A.,https://brazil.ratings.spglobal.com/ratings/pt/regulatory/org-details/sectorCode/UTIL/entityId/1001196
2026-09-02,Brisanet Servicos de Telecomunicacoes S.A.,https://brazil.ratings.spglobal.com/ratings/pt/regulatory/org-details/sectorCode/CORP/entityId/1001088
2026-09-02,Cereal Comercio Exportacao e Representacao Agropecuaria S.A.,https://brazil.ratings.spglobal.com/ratings/pt/regulatory/org-details/sectorCode/CORP/entityId/1001126
2026-09-02,Cerradinho Bioenergia S.A.,https://brazil.ratings.spglobal.com/ratings/pt/regulatory/org-details/sectorCode/CORP/entityId/1000912
2026-09-02,Cogna Educacao S.A,https://brazil.ratings.spglobal.com/ratings/pt/regulatory/org-details/sectorCode/CORP/entityId/1000228
2026-09-02,Companhia Energetica de Minas Gerais - CEMIG,https://brazil.ratings.spglobal.com/ratings/pt/regulatory/org-details/sectorCode/UTIL/entityId/1000831
2026-09-02,Companhia Energetica de Pernambuco (CELPE),https://brazil.ratings.spglobal.com/ratings/pt/regulatory/org-details/sectorCode/UTIL/entityId/1000676
2026-09-02,Companhia Energetica do Rio Grande do Norte,https://brazil.ratings.spglobal.com/ratings/pt/regulatory/org-details/sectorCode/UTIL/entityId/1001421
2026-09-02,Companhia Estadual de Distribuicao de Energia Eletrica - CEEE-D,https://brazil.ratings.spglobal.com/ratings/pt/regulatory/org-details/sectorCode/UTIL/entityId/1000231
2026-09-02,Companhia Riograndense de Saneamento S.A.,https://brazil.ratings.spglobal.com/ratings/pt/regulatory/org-details/sectorCode/UTIL/entityId/1000032
2026-09-02,Companhia Siderurgica Nacional,https://brazil.ratings.spglobal.com/ratings/pt/regulatory/org-details/sectorCode/CORP/entityId/1001493
2026-09-02,Companhia de Eletricidade do Amapa S.A. - CEA,https://brazil.ratings.spglobal.com/ratings/pt/regulatory/org-details/sectorCode/UTIL/entityId/1001359
2026-09-02,Companhia de Eletricidade do Estado da Bahia,https://brazil.ratings.spglobal.com/ratings/pt/regulatory/org-details/sectorCode/UTIL/entityId/1001209
2026-09-02,Companhia de Saneamento Basico do Estado de Sao Paulo,https://brazil.ratings.spglobal.com/ratings/pt/regulatory/org-details/sectorCode/UTIL/entityId/1000306
2026-09-02,Delta Sucroenergia S.A.,https://brazil.ratings.spglobal.com/ratings/pt/regulatory/org-details/sectorCode/CORP/entityId/1001385
2026-09-02,ENEVA S.A.,https://brazil.ratings.spglobal.com/ratings/pt/regulatory/org-details/sectorCode/UTIL/entityId/1000433
2026-09-02,Emccamp Residencial S.A.,https://brazil.ratings.spglobal.com/ratings/pt/regulatory/org-details/sectorCode/CORP/entityId/1001087
2026-09-02,Ferrari Agroindustria S.A.,https://brazil.ratings.spglobal.com/ratings/pt/regulatory/org-details/sectorCode/CORP/entityId/1000090
2026-09-02,Furnas - Centrais Eletricas S.A.,https://brazil.ratings.spglobal.com/ratings/pt/regulatory/org-details/sectorCode/UTIL/entityId/1001122
2026-09-02,Gerdau S.A.,https://brazil.ratings.spglobal.com/ratings/pt/regulatory/org-details/sectorCode/CORP/entityId/1001212
2026-09-02,Goncalves & Tortola S.A.,https://brazil.ratings.spglobal.com/ratings/pt/regulatory/org-details/sectorCode/CORP/entityId/1000659
2026-09-02,Intra Solidez Fundo de Investimento em Direitos Creditorios,https://brazil.ratings.spglobal.com/ratings/pt/regulatory/org-details/sectorCode/STRUC - ABS/entityId/1008734
2026-09-02,Ligga Telecomunicacoes S.A.,https://brazil.ratings.spglobal.com/ratings/pt/regulatory/org-details/sectorCode/CORP/entityId/1000182
2026-09-02,Moura Dubeux Engenharia S.A.,https://brazil.ratings.spglobal.com/ratings/pt/regulatory/org-details/sectorCode/CORP/entityId/1000518
2026-09-02,Pernambucanas Fundo de Investimento em Direitos Creditorios de Responsabilidade Ltda.,https://brazil.ratings.spglobal.com/ratings/pt/regulatory/org-details/sectorCode/STRUC - ABS/entityId/1000133
2026-09-02,Prolagos S.A. - Concessionaria de Servicos Publicos de Agua e Esgoto (Prolagos),https://brazil.ratings.spglobal.com/ratings/pt/regulatory/org-details/sectorCode/UTIL/entityId/1000452
2026-09-02,RB Capital Credit Alpha Strategy I Fundo de Investimentos de Direitos Creditorios - Responsabilidade Limitada,https://brazil.ratings.spglobal.com/ratings/pt/regulatory/org-details/sectorCode/STRUC - ABS/entityId/1000623
2026-09-02,SLC Agricola S/A,https://brazil.ratings.spglobal.com/ratings/pt/regulatory/org-details/sectorCode/CORP/entityId/1000295
2026-09-02,Simpar S.A.,https://brazil.ratings.spglobal.com/ratings/pt/regulatory/org-details/sectorCode/CORP/entityId/1001409
2026-09-02,Sul America Investimentos DTVM S.A.,https://brazil.ratings.spglobal.com/ratings/pt/regulatory/org-details/sectorCode/FI/entityId/1000200
2026-09-02,Ultrafertil S.A.,https://brazil.ratings.spglobal.com/ratings/pt/regulatory/org-details/sectorCode/CORP/entityId/1000513
2026-09-02,Ultrapar Participacoes S.A.,https://brazil.ratings.spglobal.com/ratings/pt/regulatory/org-details/sectorCode/CORP/entityId/1000846
2026-09-02,Usina Batatais SA - Acucar e Alcool,https://brazil.ratings.spglobal.com/ratings/pt/regulatory/org-details/sectorCode/CORP/entityId/1000810
2026-09-02,Usina Santa Adelia S.A.,https://brazil.ratings.spglobal.com/ratings/pt/regulatory/org-details/sectorCode/CORP/entityId/1000567
2026-09-02,Usina Sao Jose da Estiva S/A Acucar e Alcool,https://brazil.ratings.spglobal.com/ratings/pt/regulatory/org-details/sectorCode/CORP/entityId/1000836
2026-09-02,Usina Termeletrica Pampa Sul S.A.,https://brazil.ratings.spglobal.com/ratings/pt/regulatory/org-details/sectorCode/CORP/entityId/1001289
2026-09-02,Usinas Itamarati S.A.,https://brazil.ratings.spglobal.com/ratings/pt/regulatory/org-details/sectorCode/CORP/entityId/1000520
2026-09-02,Usinas Siderurgicas de Minas Gerais S.A.,https://brazil.ratings.spglobal.com/ratings/pt/regulatory/org-details/sectorCode/CORP/entityId/1000821
2026-09-02,BRF S.A.,https://brazil.ratings.spglobal.com/ratings/pt/regulatory/org-details/sectorCode/CORP/entityId/1000587
2026-09-02,BTG Pactual Seguros S.A.,https://brazil.ratings.spglobal.com/ratings/pt/regulatory/org-details/sectorCode/INS/entityId/1001233
2026-09-02,Cyrela Brazil Realty S.A. Empreendimentos e Participacoes,https://brazil.ratings.spglobal.com/ratings/pt/regulatory/org-details/sectorCode/CORP/entityId/1001480
2026-09-02,EMS S.A.,https://brazil.ratings.spglobal.com/ratings/pt/regulatory/org-details/sectorCode/CORP/entityId/1000062
2026-09-02,Equipav Saneamento S.A.,https://brazil.ratings.spglobal.com/ratings/pt/regulatory/org-details/sectorCode/UTIL/entityId/1001511
2026-09-02,Hypera S.A.,https://brazil.ratings.spglobal.com/ratings/pt/regulatory/org-details/sectorCode/CORP/entityId/1000362
2026-09-02,JBS S.A.,https://brazil.ratings.spglobal.com/ratings/pt/regulatory/org-details/sectorCode/CORP/entityId/1000855
2026-09-02,JSL S.A.,https://brazil.ratings.spglobal.com/ratings/pt/regulatory/org-details/sectorCode/CORP/entityId/1001116
2026-09-02,LM Transportes Interestaduais Servicos e Comercio S.A.,https://brazil.ratings.spglobal.com/ratings/pt/regulatory/org-details/sectorCode/CORP/entityId/1000747
2026-09-02,Lins Agroindustrial S.A.,https://brazil.ratings.spglobal.com/ratings/pt/regulatory/org-details/sectorCode/CORP/entityId/1001195
2026-09-02,Motiva Infraestrutura de Mobilidade S.A.,https://brazil.ratings.spglobal.com/ratings/pt/regulatory/org-details/sectorCode/CORP/entityId/1001004
2026-09-02,Movida Participacoes S.A.,https://brazil.ratings.spglobal.com/ratings/pt/regulatory/org-details/sectorCode/CORP/entityId/1001084
2026-09-02,Sonora Estancia S.A.,https://brazil.ratings.spglobal.com/ratings/pt/regulatory/org-details/sectorCode/CORP/entityId/1001487
2026-09-02,UHE Sao Simao Energia S.A.,https://brazil.ratings.spglobal.com/ratings/pt/regulatory/org-details/sectorCode/UTIL/entityId/1000748
2026-09-02,Vixtra Fundo de Investimento em Direitos Creditórios Responsabilidade Limitada,https://brazil.ratings.spglobal.com/ratings/pt/regulatory/org-details/sectorCode/STRUC - CDO/entityId/1008569
2026-09-02,Votorantim S.A.,https://brazil.ratings.spglobal.com/ratings/pt/regulatory/org-details/sectorCode/CORP/entityId/1000359
2026-09-02,BNDESPar-BNDES Participacoes S.A.,https://brazil.ratings.spglobal.com/ratings/pt/regulatory/org-details/sectorCode/FI/entityId/1001283
2026-09-02,Bem Brasil Alimentos S.A.,https://brazil.ratings.spglobal.com/ratings/pt/regulatory/org-details/sectorCode/CORP/entityId/1001510
2026-09-02,Cooperativa de Credito Unicred Uniao Ltda.,https://brazil.ratings.spglobal.com/ratings/pt/regulatory/org-details/sectorCode/FI/entityId/1005842
2026-09-02,IRB-Brasil Resseguros S.A.,https://brazil.ratings.spglobal.com/ratings/pt/regulatory/org-details/sectorCode/INS/entityId/1000593
2026-09-02,Integracao Transmissora de Energia S.A.,https://brazil.ratings.spglobal.com/ratings/pt/regulatory/org-details/sectorCode/UTIL/entityId/1001018
2026-09-02,MNLT S.A.,https://brazil.ratings.spglobal.com/ratings/pt/regulatory/org-details/sectorCode/FI/entityId/1000387
2026-09-02,Minerva S.A.,https://brazil.ratings.spglobal.com/ratings/pt/regulatory/org-details/sectorCode/CORP/entityId/1000071
2026-09-02,"Nu Financeira S.A. - Sociedade de Credito, Financiamento e Investimento",https://brazil.ratings.spglobal.com/ratings/pt/regulatory/org-details/sectorCode/FI/entityId/1000913
2026-09-02,Omni Banco S.A.,https://brazil.ratings.spglobal.com/ratings/pt/regulatory/org-details/sectorCode/FI/entityId/1001152
2026-09-02,Omni S.A. - Credito Financiamento e Investimento,https://brazil.ratings.spglobal.com/ratings/pt/regulatory/org-details/sectorCode/FI/entityId/1000163
2026-09-02,Prio S.A.,https://brazil.ratings.spglobal.com/ratings/pt/regulatory/org-details/sectorCode/CORP/entityId/1000095
2026-09-02,Rio Bravo Investimentos Holding S.A.,https://brazil.ratings.spglobal.com/ratings/pt/regulatory/org-details/sectorCode/FI/entityId/1000188
2026-09-02,Rodovias Integradas do Oeste S.A.,https://brazil.ratings.spglobal.com/ratings/pt/regulatory/org-details/sectorCode/UTIL/entityId/1008695
2026-09-02,Rodovias das Colinas S.A.,https://brazil.ratings.spglobal.com/ratings/pt/regulatory/org-details/sectorCode/CORP/entityId/1000313
2026-09-02,Rumo Malha Paulista S.A.,https://brazil.ratings.spglobal.com/ratings/pt/regulatory/org-details/sectorCode/CORP/entityId/1000005
2026-09-02,Rumo S.A.,https://brazil.ratings.spglobal.com/ratings/pt/regulatory/org-details/sectorCode/CORP/entityId/1000139
2026-09-02,SPE Transmissora de Energia Linha Verde I S.A.,https://brazil.ratings.spglobal.com/ratings/pt/regulatory/org-details/sectorCode/UTIL/entityId/1008281
2026-09-02,Tupy S.A.,https://brazil.ratings.spglobal.com/ratings/pt/regulatory/org-details/sectorCode/CORP/entityId/1000474
2026-09-02,UTE GNA I Geracao de Energia S.A.,https://brazil.ratings.spglobal.com/ratings/pt/regulatory/org-details/sectorCode/CORP/entityId/1000813
2026-09-02,Verde Ambiental Alagoas S.A.,https://brazil.ratings.spglobal.com/ratings/pt/regulatory/org-details/sectorCode/UTIL/entityId/1000168
2026-09-02,VerdeCard Fundo de Investimento em Direitos Creditorios Responsabilidade Limitada,https://brazil.ratings.spglobal.com/ratings/pt/regulatory/org-details/sectorCode/STRUC - ABS/entityId/1000391
2026-09-02,Voke S.A.,https://brazil.ratings.spglobal.com/ratings/pt/regulatory/org-details/sectorCode/CORP/entityId/1000210
2026-09-02,BRB - Banco de Brasilia S.A.,https://brazil.ratings.spglobal.com/ratings/pt/regulatory/org-details/sectorCode/FI/entityId/1000364
2026-09-02,Concessao Metroviaria do Rio de Janeiro S.A.,https://brazil.ratings.spglobal.com/ratings/pt/regulatory/org-details/sectorCode/CORP/entityId/1001288
2026-09-02,Dimed S.A. Distribuidora de Medicamentos,https://brazil.ratings.spglobal.com/ratings/pt/regulatory/org-details/sectorCode/CORP/entityId/1001328
2026-09-02,Empirica Soberano - Fundo de Investimento Renda Fixa Referenciado DI,https://brazil.ratings.spglobal.com/ratings/pt/regulatory/org-details/sectorCode/FUNDS/entityId/10000048
2026-09-02,Energisa Mato Grosso - Distribuidora de Energia S.A.,https://brazil.ratings.spglobal.com/ratings/pt/regulatory/org-details/sectorCode/UTIL/entityId/1000605
2026-09-02,Energisa Mato Grosso do Sul - Distribuidora de Energia S.A.,https://brazil.ratings.spglobal.com/ratings/pt/regulatory/org-details/sectorCode/UTIL/entityId/1005640
2026-09-02,Energisa Paraiba-Distribuidora de Energia S.A.,https://brazil.ratings.spglobal.com/ratings/pt/regulatory/org-details/sectorCode/UTIL/entityId/1000708
2026-09-02,Energisa S.A.,https://brazil.ratings.spglobal.com/ratings/pt/regulatory/org-details/sectorCode/UTIL/entityId/1000328
2026-09-02,Energisa Sergipe-Distribuidora de Energia S.A.,https://brazil.ratings.spglobal.com/ratings/pt/regulatory/org-details/sectorCode/UTIL/entityId/1000311
2026-09-02,Gs Inima Industrial S.A.,https://brazil.ratings.spglobal.com/ratings/pt/regulatory/org-details/sectorCode/UTIL/entityId/1000334
2026-09-02,Multiplan Empreendimentos Imobiliarios S.A.,https://brazil.ratings.spglobal.com/ratings/pt/regulatory/org-details/sectorCode/CORP/entityId/1001007
2026-09-02,Regenera Rio S.A.,https://brazil.ratings.spglobal.com/ratings/pt/regulatory/org-details/sectorCode/UTIL/entityId/1000255
2026-09-02,SPIC Brasil Energia Participacoes S.A.,https://brazil.ratings.spglobal.com/ratings/pt/regulatory/org-details/sectorCode/UTIL/entityId/1000117
2026-09-02,Tereos Acucar & Energia Brasil SA,https://brazil.ratings.spglobal.com/ratings/pt/regulatory/org-details/sectorCode/CORP/entityId/1000165
2026-09-02,Tigre S.A. Participacoes,https://brazil.ratings.spglobal.com/ratings/pt/regulatory/org-details/sectorCode/CORP/entityId/1000030
2026-09-02,Tivio Capital DTVM S.A.,https://brazil.ratings.spglobal.com/ratings/pt/regulatory/org-details/sectorCode/FI/entityId/1000439
2026-09-02,YDUQS Participacoes S.A.,https://brazil.ratings.spglobal.com/ratings/pt/regulatory/org-details/sectorCode/CORP/entityId/1000564
2026-09-02,Belem Transmissora de Energia S.A.,https://brazil.ratings.spglobal.com/ratings/pt/regulatory/org-details/sectorCode/UTIL/entityId/1001488
2026-09-02,Colombo Agroindustria S.A.,https://brazil.ratings.spglobal.com/ratings/pt/regulatory/org-details/sectorCode/CORP/entityId/1001437
2026-09-02,Direcional Engenharia S.A.,https://brazil.ratings.spglobal.com/ratings/pt/regulatory/org-details/sectorCode/CORP/entityId/1000780
2026-09-02,Eletrobras CHESF,https://brazil.ratings.spglobal.com/ratings/pt/regulatory/org-details/sectorCode/UTIL/entityId/1000495
2026-09-02,Hedge Brasil Shopping Fundo De Investimento Imobiliario De Responsabilidade Limitada,https://brazil.ratings.spglobal.com/ratings/pt/regulatory/org-details/sectorCode/CORP/entityId/1001055
2026-09-02,Iochpe-Maxion S.A.,https://brazil.ratings.spglobal.com/ratings/pt/regulatory/org-details/sectorCode/CORP/entityId/1000847
2026-09-02,Logistica Ambiental de Sao Paulo S.A. - LOGA,https://brazil.ratings.spglobal.com/ratings/pt/regulatory/org-details/sectorCode/CORP/entityId/1001499
2026-09-02,Norte Brasil Transmissora de Energia S.A.,https://brazil.ratings.spglobal.com/ratings/pt/regulatory/org-details/sectorCode/UTIL/entityId/1000432
2026-09-02,Orizon Valorizacao de Residuos S.A.,https://brazil.ratings.spglobal.com/ratings/pt/regulatory/org-details/sectorCode/UTIL/entityId/1000779
2026-09-02,Redwood Administracao de Recursos Ltda.,https://brazil.ratings.spglobal.com/ratings/pt/regulatory/org-details/sectorCode/FI/entityId/1008743
2026-09-02,Republica Federativa do Brasil,https://brazil.ratings.spglobal.com/ratings/pt/regulatory/org-details/sectorCode/SOV/entityId/1000872
2026-09-02,Reuso Itaborai S.A.,https://brazil.ratings.spglobal.com/ratings/pt/regulatory/org-details/sectorCode/UTIL/entityId/1008322
2026-09-02,SumUp Smart I FIDC Segmento Meios de Pagamento de Responsabilidade Limitada,https://brazil.ratings.spglobal.com/ratings/pt/regulatory/org-details/sectorCode/STRUC - ABS/entityId/1005841
2026-09-02,SumUp Smart II FIDC Segmento Meios de Pagamento de Responsabilidade Limitada,https://brazil.ratings.spglobal.com/ratings/pt/regulatory/org-details/sectorCode/STRUC - ABS/entityId/1005843
2026-09-02,SumUp Smart III FIDC Segmento Meios de Pagamento de Responsabilidade Limitada,https://brazil.ratings.spglobal.com/ratings/pt/regulatory/org-details/sectorCode/STRUC - ABS/entityId/1008261
2026-09-02,SumUp Smart IV FIDC Segmento Meios de Pagamento de Responsabilidade Limitada,https://brazil.ratings.spglobal.com/ratings/pt/regulatory/org-details/sectorCode/STRUC - ABS/entityId/1008341
2026-09-02,SumUp Smart V FIDC Segmento Meios de Pagamento de Responsabilidade Limitada,https://brazil.ratings.spglobal.com/ratings/pt/regulatory/org-details/sectorCode/STRUC - ABS/entityId/1009347
2026-09-02,SumUp Smart VI FIDC Segmento Meios de Pagamento de Responsabilidade Limitada,https://brazil.ratings.spglobal.com/ratings/pt/regulatory/org-details/sectorCode/STRUC - ABS/entityId/1009348
2026-09-02,SumUp Smart VII FIDC Segmento Meios de Pagamento de Responsabilidade Limitada,https://brazil.ratings.spglobal.com/ratings/pt/regulatory/org-details/sectorCode/STRUC - ABS/entityId/1009346
2026-09-02,Trisul S.A.,https://brazil.ratings.spglobal.com/ratings/pt/regulatory/org-details/sectorCode/CORP/entityId/1001498
2026-09-02,CESP-Companhia Energetica de Sao Paulo,https://brazil.ratings.spglobal.com/ratings/pt/regulatory/org-details/sectorCode/UTIL/entityId/1000655
2026-09-02,CSN Mineracao S.A.,https://brazil.ratings.spglobal.com/ratings/pt/regulatory/org-details/sectorCode/CORP/entityId/1000637
2026-09-02,Cemig Geracao e Transmissao S.A.,https://brazil.ratings.spglobal.com/ratings/pt/regulatory/org-details/sectorCode/UTIL/entityId/1001078
2026-09-02,"DM Sociedade de Credito, Financiamento e Investimento S.A.",https://brazil.ratings.spglobal.com/ratings/pt/regulatory/org-details/sectorCode/FI/entityId/1008530
2026-09-02,Desktop S.A.,https://brazil.ratings.spglobal.com/ratings/pt/regulatory/org-details/sectorCode/CORP/entityId/1000918
2026-09-02,EcoRioMinas Concessionaria de Rodovias S.A.,https://brazil.ratings.spglobal.com/ratings/pt/regulatory/org-details/sectorCode/UTIL/entityId/1000616
2026-09-02,Ecorodovias Concessoes e Servicos S.A.,https://brazil.ratings.spglobal.com/ratings/pt/regulatory/org-details/sectorCode/CORP/entityId/1000636
2026-09-02,Mills Locacao Servicos e Logistica S.A.,https://brazil.ratings.spglobal.com/ratings/pt/regulatory/org-details/sectorCode/CORP/entityId/1000715
2026-09-02,Neoenergia Distribuicao Brasilia S.A.,https://brazil.ratings.spglobal.com/ratings/pt/regulatory/org-details/sectorCode/UTIL/entityId/1000602
2026-09-02,Neoenergia Morro do Chapeu Transmissao e Energia S.A.,https://brazil.ratings.spglobal.com/ratings/pt/regulatory/org-details/sectorCode/UTIL/entityId/1001473
2026-09-02,Neoenergia S.A.,https://brazil.ratings.spglobal.com/ratings/pt/regulatory/org-details/sectorCode/UTIL/entityId/1001208
2026-09-02,Tecnologia Bancaria S.A.,https://brazil.ratings.spglobal.com/ratings/pt/regulatory/org-details/sectorCode/CORP/entityId/1001542
2026-09-02,Telefonica Brasil S.A.,https://brazil.ratings.spglobal.com/ratings/pt/regulatory/org-details/sectorCode/CORP/entityId/1000777
2026-09-02,Vert Companhia Securitizadora,https://brazil.ratings.spglobal.com/ratings/pt/regulatory/org-details/sectorCode/STRUC - ABS/entityId/1000350
2026-09-02,Concessionaria Auto Raposo Tavares S.A.,https://brazil.ratings.spglobal.com/ratings/pt/regulatory/org-details/sectorCode/CORP/entityId/1000772
2026-09-02,Concessionaria Ecovias Raposo-Castelo S.A.,https://brazil.ratings.spglobal.com/ratings/pt/regulatory/org-details/sectorCode/UTIL/entityId/1000070
2026-09-02,Concessionaria Ecovias do Cerrado S.A.,https://brazil.ratings.spglobal.com/ratings/pt/regulatory/org-details/sectorCode/UTIL/entityId/1001000
2026-09-02,Concessionaria Ecovias dos Imigrantes S.A.,https://brazil.ratings.spglobal.com/ratings/pt/regulatory/org-details/sectorCode/CORP/entityId/1000539
2026-09-02,Concessionaria Rodoanel Norte SPE S.A.,https://brazil.ratings.spglobal.com/ratings/pt/regulatory/org-details/sectorCode/UTIL/entityId/1001544
2026-09-02,Concessionaria Rodovias do Sul de Minas SPE S.A.,https://brazil.ratings.spglobal.com/ratings/pt/regulatory/org-details/sectorCode/UTIL/entityId/1000867
2026-09-02,Concessionaria Rota Sorocabana S.A.,https://brazil.ratings.spglobal.com/ratings/pt/regulatory/org-details/sectorCode/UTIL/entityId/1008550
2026-09-02,Concessionaria da Linha 4 do Metro de Sao Paulo S.A.,https://brazil.ratings.spglobal.com/ratings/pt/regulatory/org-details/sectorCode/UTIL/entityId/1008590
2026-09-02,Concessionaria da Rodovia MG-050 S.A.,https://brazil.ratings.spglobal.com/ratings/pt/regulatory/org-details/sectorCode/CORP/entityId/1000064
2026-09-02,Concessionaria de Rodovia Sul-Matogrossense S.A.,https://brazil.ratings.spglobal.com/ratings/pt/regulatory/org-details/sectorCode/UTIL/entityId/1008448
2026-09-02,Concessionaria de Rodovias Noroeste Paulista S.A.,https://brazil.ratings.spglobal.com/ratings/pt/regulatory/org-details/sectorCode/UTIL/entityId/1004346
2026-09-02,Concessionaria de Rodovias PRVias S.A.,https://brazil.ratings.spglobal.com/ratings/pt/regulatory/org-details/sectorCode/UTIL/entityId/1000685
2026-09-02,Concessionaria de Rodovias do Interior Paulista S.A.,https://brazil.ratings.spglobal.com/ratings/pt/regulatory/org-details/sectorCode/UTIL/entityId/1000229
2026-09-02,Concessionaria de Saneamento do Amapa SPE S.A.,https://brazil.ratings.spglobal.com/ratings/pt/regulatory/org-details/sectorCode/UTIL/entityId/1001046
2026-09-02,Concessionaria do VLT Carioca S.A.,https://brazil.ratings.spglobal.com/ratings/pt/regulatory/org-details/sectorCode/UTIL/entityId/1009368
2026-09-02,Construtora Tenda S/A,https://brazil.ratings.spglobal.com/ratings/pt/regulatory/org-details/sectorCode/CORP/entityId/1000268
2026-09-02,EBT-Empresa Brasileira de Terminais e Armazens Gerais Ltda.,https://brazil.ratings.spglobal.com/ratings/pt/regulatory/org-details/sectorCode/CORP/entityId/1000658
2026-09-02,MRV Engenharia e Participacoes S.A.,https://brazil.ratings.spglobal.com/ratings/pt/regulatory/org-details/sectorCode/CORP/entityId/1001453
2026-09-02,Vitru Educacao S.A.,https://brazil.ratings.spglobal.com/ratings/pt/regulatory/org-details/sectorCode/CORP/entityId/1000782
2026-09-02,CPFL Energia S.A.,https://brazil.ratings.spglobal.com/ratings/pt/regulatory/org-details/sectorCode/UTIL/entityId/1001207
2026-09-02,FIDC Creditas Auto Veiculos,https://brazil.ratings.spglobal.com/ratings/pt/regulatory/org-details/sectorCode/STRUC - ABS/entityId/1005741
2026-09-02,FS Industria De Biocombustiveis Ltda,https://brazil.ratings.spglobal.com/ratings/pt/regulatory/org-details/sectorCode/CORP/entityId/1001541
2026-09-02,Holding do Araguaia S.A.,https://brazil.ratings.spglobal.com/ratings/pt/regulatory/org-details/sectorCode/UTIL/entityId/1000340
2026-09-02,Petroleo Brasileiro S.A. - Petrobras,https://brazil.ratings.spglobal.com/ratings/pt/regulatory/org-details/sectorCode/CORP/entityId/1000660
2026-09-02,Rede D'Or Sao Luiz S.A.,https://brazil.ratings.spglobal.com/ratings/pt/regulatory/org-details/sectorCode/CORP/entityId/1000330
2026-09-02,Bioenergetica Vale do Paracatu S.A.,https://brazil.ratings.spglobal.com/ratings/pt/regulatory/org-details/sectorCode/CORP/entityId/1001194
2026-09-02,LOG Commercial Properties e Participacoes S.A.,https://brazil.ratings.spglobal.com/ratings/pt/regulatory/org-details/sectorCode/CORP/entityId/1000516
2026-09-02,MRS Logistica S.A.,https://brazil.ratings.spglobal.com/ratings/pt/regulatory/org-details/sectorCode/CORP/entityId/1001451
2026-09-02,Orizon Meio Ambiente S.A.,https://brazil.ratings.spglobal.com/ratings/pt/regulatory/org-details/sectorCode/UTIL/entityId/1001123
2026-09-02,PRIO Forte S.A.,https://brazil.ratings.spglobal.com/ratings/pt/regulatory/org-details/sectorCode/CORP/entityId/1000827
2026-09-02,"Stone Sociedade de Credito, Financiamento e Investimento S.A.",https://brazil.ratings.spglobal.com/ratings/pt/regulatory/org-details/sectorCode/FI/entityId/1000166
2026-09-02,Tres Tentos Agroindustrial S.A.,https://brazil.ratings.spglobal.com/ratings/pt/regulatory/org-details/sectorCode/CORP/entityId/1000316
2026-09-02,VLI Multimodal S.A.,https://brazil.ratings.spglobal.com/ratings/pt/regulatory/org-details/sectorCode/CORP/entityId/1001077
2026-09-02,Vix Logistica S.A.,https://brazil.ratings.spglobal.com/ratings/pt/regulatory/org-details/sectorCode/CORP/entityId/1001153
2026-09-02,CELSE / Centrais Elétricas de Sergipe S.A.,https://brazil.ratings.spglobal.com/ratings/pt/regulatory/org-details/sectorCode/UTIL/entityId/1000920
2026-09-02,Combio Energia S.A.,https://brazil.ratings.spglobal.com/ratings/pt/regulatory/org-details/sectorCode/UTIL/entityId/1000880
2026-09-02,Concessionária das Rodovias Ayrton Senna e Carvalho Pinto S.A.,https://brazil.ratings.spglobal.com/ratings/pt/regulatory/org-details/sectorCode/UTIL/entityId/1001291
2026-09-02,Eco Securitizadora de Direitos Creditorios do Agronegocio S.A.,https://brazil.ratings.spglobal.com/ratings/pt/regulatory/org-details/sectorCode/STRUC - ABS/entityId/1001197
2026-09-02,Globo Comunicacao e Participacoes S.A.,https://brazil.ratings.spglobal.com/ratings/pt/regulatory/org-details/sectorCode/CORP/entityId/1000677
2026-09-02,Bivi Holding S.A.,https://brazil.ratings.spglobal.com/ratings/pt/regulatory/org-details/sectorCode/CORP/entityId/1001518
2026-09-02,Celeo Redes Transmissao de Energia S.A.,https://brazil.ratings.spglobal.com/ratings/pt/regulatory/org-details/sectorCode/UTIL/entityId/1001360
2026-09-02,True Securitizadora S.A.,https://brazil.ratings.spglobal.com/ratings/pt/regulatory/org-details/sectorCode/STRUC - RMBS/entityId/1000887
2026-09-02,Cury Construtora e Incorporadora S.A.,https://brazil.ratings.spglobal.com/ratings/pt/regulatory/org-details/sectorCode/CORP/entityId/1000951
2026-09-02,Elektro Redes S.A.,https://brazil.ratings.spglobal.com/ratings/pt/regulatory/org-details/sectorCode/UTIL/entityId/1000633
2026-09-02,Even Construtora e Incorporadora S.A.,https://brazil.ratings.spglobal.com/ratings/pt/regulatory/org-details/sectorCode/CORP/entityId/1000453
2026-09-02,Junto Seguros S.A.,https://brazil.ratings.spglobal.com/ratings/pt/regulatory/org-details/sectorCode/INS/entityId/1001443
2026-09-02,Solvi Essencis Ambiental S.A.,https://brazil.ratings.spglobal.com/ratings/pt/regulatory/org-details/sectorCode/UTIL/entityId/1000232
2026-09-02,Stone Instituicao de Pagamento S.A.,https://brazil.ratings.spglobal.com/ratings/pt/regulatory/org-details/sectorCode/FI/entityId/1000917
2026-09-02,Cemig Distribuicao S.A.,https://brazil.ratings.spglobal.com/ratings/pt/regulatory/org-details/sectorCode/UTIL/entityId/1000303
2026-09-02,ECO101 Concessionaria de Rodovias S.A.,https://brazil.ratings.spglobal.com/ratings/pt/regulatory/org-details/sectorCode/UTIL/entityId/1001125
2026-09-02,Eco050 Concessionaria de Rodovias S.A.,https://brazil.ratings.spglobal.com/ratings/pt/regulatory/org-details/sectorCode/UTIL/entityId/1003779
2026-09-02,Investimentos e Participacoes em Infraestrutura S.A. - Invepar,https://brazil.ratings.spglobal.com/ratings/pt/regulatory/org-details/sectorCode/CORP/entityId/1000538
2026-09-02,SRM Sec Securitizadora S.A.,https://brazil.ratings.spglobal.com/ratings/pt/regulatory/org-details/sectorCode/STRUC - ABS/entityId/1008670
2026-09-02,Junto Resseguros S.A.,https://brazil.ratings.spglobal.com/ratings/pt/regulatory/org-details/sectorCode/INS/entityId/1001080
2026-09-02,Positivo Tecnologia S.A.,https://brazil.ratings.spglobal.com/ratings/pt/regulatory/org-details/sectorCode/CORP/entityId/1000694
2026-09-02,XP Investimentos S.A.,https://brazil.ratings.spglobal.com/ratings/pt/regulatory/org-details/sectorCode/FI/entityId/1000167
2026-09-02,Bemol Credito Pessoal Fundo de Investimento em Direitos Creditorios Financeiros de Responsabilidade Ltda.,https://brazil.ratings.spglobal.com/ratings/pt/regulatory/org-details/sectorCode/STRUC - ABS/entityId/1001350
2026-09-02,Unifique Telecomunicacoes S.A.,https://brazil.ratings.spglobal.com/ratings/pt/regulatory/org-details/sectorCode/CORP/entityId/1000603
2026-09-02,EKTT09 Servicos de Transmissao de Energia Eletrica SPE S.A.,https://brazil.ratings.spglobal.com/ratings/pt/regulatory/org-details/sectorCode/UTIL/entityId/1001351
2026-09-02,DB3 Servicos De Telecomunicacoes S.A.,https://brazil.ratings.spglobal.com/ratings/pt/regulatory/org-details/sectorCode/CORP/entityId/1000479
2026-09-02,Light Servicos de Eletricidade S.A.,https://brazil.ratings.spglobal.com/ratings/pt/regulatory/org-details/sectorCode/UTIL/entityId/1001431
2026-09-02,Convicon – Contêineres de Vila do Conde S.A.,https://brazil.ratings.spglobal.com/ratings/pt/regulatory/org-details/sectorCode/CORP/entityId/1000221
2026-09-02,BRZ Empreendimentos e Construcoes S.A.,https://brazil.ratings.spglobal.com/ratings/pt/regulatory/org-details/sectorCode/CORP/entityId/1001327
2026-09-02,Fundo de Investimento em Direitos Creditorios ASAAS III - Responsabilidade Ltda.,https://brazil.ratings.spglobal.com/ratings/pt/regulatory/org-details/sectorCode/STRUC - ABS/entityId/1001440
2026-09-02,Fundo de Investimento em Direitos Creditórios ACR BEM Bancos Emissores de Cartão de Crédito - Responsabilidade Limitada,https://brazil.ratings.spglobal.com/ratings/pt/regulatory/org-details/sectorCode/STRUC - ABS/entityId/1000055
2026-09-02,Fundo de Investimento em Direitos Creditorios - ACR IV Bancos Emissores de Cartao de Credito - Responsabilidade Limitada,https://brazil.ratings.spglobal.com/ratings/pt/regulatory/org-details/sectorCode/STRUC - ABS/entityId/1000671
2026-09-02,Fundo de Investimento em Direitos Creditorios Tradepay Varejo I - Responsabilidade Limitada,https://brazil.ratings.spglobal.com/ratings/pt/regulatory/org-details/sectorCode/STRUC - ABS/entityId/1000961
2026-09-02,Fundo de Investimento em Direitos Creditórios Goal One,https://brazil.ratings.spglobal.com/ratings/pt/regulatory/org-details/sectorCode/STRUC - ABS/entityId/1000414
2026-09-02,Fundo de Investimento em Direitos Creditorios Financeiros de Responsabilidade Limitada DMCard,https://brazil.ratings.spglobal.com/ratings/pt/regulatory/org-details/sectorCode/STRUC - ABS/entityId/1000041
2026-09-02,Fundo de Investimento em Direitos Creditorios Somacred Consignado Publico II - Responsabilidade Limitada,https://brazil.ratings.spglobal.com/ratings/pt/regulatory/org-details/sectorCode/STRUC - ABS/entityId/1000343
2026-09-02,Fundo de Investimento em Direitos Creditorios Sifra Star,https://brazil.ratings.spglobal.com/ratings/pt/regulatory/org-details/sectorCode/STRUC - ABS/entityId/1000938
2026-09-02,Fundo de Investimento em Direitos Creditorios Bullla Cartoes Responsabilidade Limitada,https://brazil.ratings.spglobal.com/ratings/pt/regulatory/org-details/sectorCode/STRUC - ABS/entityId/1000667
2026-09-02,Fundo De Investimento Em Direitos Creditorios Creditas Auto IX,https://brazil.ratings.spglobal.com/ratings/pt/regulatory/org-details/sectorCode/STRUC - ABS/entityId/1000580
2026-09-02,Fundo De Investimento Em Direitos Creditorios Creditas Auto XI,https://brazil.ratings.spglobal.com/ratings/pt/regulatory/org-details/sectorCode/STRUC - ABS/entityId/1000866
2026-09-02,Fundo de Investimento em Direitos Creditorios Creditas Auto X - Responsabilidade Limitada,https://brazil.ratings.spglobal.com/ratings/pt/regulatory/org-details/sectorCode/STRUC - ABS/entityId/1000247
2026-09-02,RED Fundo de Investimento em Direitos Creditorios Real LP de Responsabilidade Limitada,https://brazil.ratings.spglobal.com/ratings/pt/regulatory/org-details/sectorCode/STRUC - CDO/entityId/1000665
2026-09-02,Fundo de Investimento em Direitos Creditorios ERFOLG Paranapanema Creditos Publicos Responsabilidade Limitada,https://brazil.ratings.spglobal.com/ratings/pt/regulatory/org-details/sectorCode/STRUC - ABS/entityId/1008740
2026-09-02,Fundo de Investimentos em Direitos Creditorios Comerciais de Responsabilidade Limitada Fortbrasil,https://brazil.ratings.spglobal.com/ratings/pt/regulatory/org-details/sectorCode/STRUC - ABS/entityId/1000490
2026-09-02,Fundo de Investimento em Direitos Creditorios Multisetorial Master,https://brazil.ratings.spglobal.com/ratings/pt/regulatory/org-details/sectorCode/STRUC - CDO/entityId/1000418
2026-09-02,Fundo de Investimento em Direitos Creditorios Multisetorial Master II,https://brazil.ratings.spglobal.com/ratings/pt/regulatory/org-details/sectorCode/STRUC - CDO/entityId/1000130
2026-09-02,Fundo de Investimento em Direitos Creditorios Multisetorial Master III,https://brazil.ratings.spglobal.com/ratings/pt/regulatory/org-details/sectorCode/STRUC - ABS/entityId/1000629
2026-09-02,Fundo De Investimento Em Direitos Creditorios Multissetorial One7 LP,https://brazil.ratings.spglobal.com/ratings/pt/regulatory/org-details/sectorCode/STRUC - ABS/entityId/1001340
2026-09-02,RNX Fundo de Investimento em Direitos Creditorios Multissetorial de Responsabilidade Limitada,https://brazil.ratings.spglobal.com/ratings/pt/regulatory/org-details/sectorCode/STRUC - ABS/entityId/1000698
2026-09-02,RED - Fundo de Investimento em Direitos Creditorios Multisetorial LP - Responsabilidade Limitada,https://brazil.ratings.spglobal.com/ratings/pt/regulatory/org-details/sectorCode/STRUC - ABS/entityId/1001298
2026-09-02,Fundo de Investimento em Direitos Creditorios LF I - Segmento Financeiro - Responsabilidade Limitada,https://brazil.ratings.spglobal.com/ratings/pt/regulatory/org-details/sectorCode/STRUC - ABS/entityId/1000700
2026-09-02,SB Credito Fundo de Investimento em Direitos Creditorios Multissetorial de Classe Unica Fechada,https://brazil.ratings.spglobal.com/ratings/pt/regulatory/org-details/sectorCode/STRUC - ABS/entityId/1000420
2026-09-02,Seller II Fundo de Investimento em Direitos Creditorios Segmento Meios de Pagamento de Responsabilidade Ltda.,https://brazil.ratings.spglobal.com/ratings/pt/regulatory/org-details/sectorCode/STRUC - ABS/entityId/1000176
2026-09-02,Medsystems B24 Fundo de Investimento em Direitos Creditorios Segmento Recebiveis Comerciais de Responsabilidade Limitada,https://brazil.ratings.spglobal.com/ratings/pt/regulatory/org-details/sectorCode/STRUC - ABS/entityId/1000506
2026-09-02,Niteroi (City of),https://brazil.ratings.spglobal.com/ratings/pt/regulatory/org-details/sectorCode/GOVS/entityId/1000181
2026-09-02,ELETRONORTE,https://brazil.ratings.spglobal.com/ratings/pt/regulatory/org-details/sectorCode/UTIL/entityId/1000946
2026-09-02,Vero,https://brazil.ratings.spglobal.com/ratings/pt/regulatory/org-details/sectorCode/CORP/entityId/1000750
